asset_number,schedule_date
SAID-0000106,4/4/2024
SAID-0000434,3/19/2025
SAID-0000437,2/17/2025
SAID-0000438,1/30/2024
SAID-0000462,9/19/2023
SAID-0000462,9/20/2023
SAID-0000472,12/22/2023
SAID-0000474,5/11/2023
SAID-0000477,8/23/2023
SAID-0000511,9/12/2024
SAID-0000535,8/29/2023
SAID-0000535,8/2/2023
SAID-0000545,1/27/2025
SAID-0000612,8/12/2024
SAID-0000618,3/10/2025
SAID-0000635,1/3/2024
SAID-0000748,8/30/2023
SAID-0000769,1/16/2025
SAID-0000786,2/10/2025
SAID-0000806,11/16/2023
SAID-0000827,3/25/2024
SAID-0000929,9/12/2023
SAID-0000943,2/1/2024
SAID-0000963,10/9/2023
SAID-0001012,9/16/2024
SAID-0001019,5/30/2023
SAID-0001026,10/9/2024
SAID-0001045,2/5/2024
SAID-0001059,10/28/2024
SAID-0001073,4/16/2024
SAID-0001085,4/17/2024
SAID-0001089,12/12/2023
SAID-0001097,10/2/2024
SAID-0001102,2/12/2024
SAID-0001123,9/18/2023
SAID-0001128,4/24/2023
SAID-0001135,9/18/2023
SAID-0001138,9/6/2023
SAID-0001139,5/28/2024
SAID-0001140,11/8/2023
SAID-0001144,11/6/2024
SAID-0001151,2/17/2025
SAID-0001199,11/20/2023
SAID-0001220,9/27/2023
SAID-0001221,11/14/2023
SAID-0001241,12/18/2024
SAID-0001243,7/19/2023
SAID-0001247,3/10/2025
SAID-0001249,4/8/2024
SAID-0001250,5/10/2024
SAID-0001251,5/18/2023
SAID-0001251,1/4/2024
SAID-0001291,11/17/2023
SAID-0001360,5/17/2024
SAID-0001429,12/4/2023
SAID-0001436,6/13/2023
SAID-0001469,1/22/2024
SAID-0001470,6/26/2024
SAID-0001490,6/15/2023
SAID-0001501,9/12/2023
SAID-0001537,5/20/2024
SAID-0001592,10/3/2023
SAID-0001633,8/22/2023
SAID-0001663,9/28/2023
SAID-0001665,9/19/2023
SAID-0001674,7/2/2024
SAID-0001682,10/10/2024
SAID-0001684,7/20/2023
SAID-0001693,6/13/2023
SAID-0001719,6/10/2024
SAID-0001728,7/23/2024
SAID-0001737,3/29/2024
SAID-0001742,7/11/2024
SAID-0001749,7/17/2024
SAID-0001753,9/25/2023
SAID-0001788,10/10/2023
SAID-0001847,8/29/2024
SAID-0001944,4/30/2024
SAID-0001965,5/26/2023
SAID-0001976,2/27/2024
SAID-0002043,3/15/2024
SAID-0002088,6/22/2023
SAID-0002162,10/8/2024
SAID-0002172,7/17/2023
SAID-0002202,3/15/2024
SAID-0002203,3/15/2024
SAID-0002216,9/26/2023
SAID-0002234,5/31/2024
SAID-0002246,2/5/2024
SAID-0002270,3/5/2024
SAID-0002280,10/31/2024
SAID-0002281,12/8/2023
SAID-0002292,5/23/2023
SAID-0002292,5/15/2024
SAID-0002299,6/6/2023
SAID-0002299,6/14/2023
SAID-0002309,3/20/2024
SAID-0002316,10/21/2024
SAID-0002335,2/14/2025
SAID-0002340,3/22/2024
SAID-0002387,2/16/2024
SAID-0002388,5/30/2024
SAID-0002390,1/10/2025
SAID-0002396,1/31/2024
SAID-0002396,10/22/2024
SAID-0002404,3/1/2024
SAID-0002406,12/12/2024
SAID-0002518,6/9/2023
SAID-0002546,10/5/2023
SAID-0002555,5/17/2024
SAID-0002562,5/10/2024
SAID-0002562,5/21/2024
SAID-0002569,2/9/2024
SAID-0002571,8/7/2024
SAID-0002591,2/15/2024
SAID-0002601,1/23/2024
SAID-0002617,6/28/2023
SAID-0002631,12/27/2023
SAID-0002707,1/16/2025
SAID-0002770,11/22/2023
SAID-0002807,11/3/2023
SAID-0002837,5/10/2023
SAID-0002846,10/3/2023
SAID-0002847,1/9/2024
SAID-0002851,4/21/2023
SAID-0002877,2/22/2024
SAID-0002881,10/17/2023
SAID-0002892,8/22/2023
SAID-0002892,9/6/2023
SAID-0002936,5/2/2024
SAID-0003031,9/27/2024
SAID-0003044,12/4/2023
SAID-0003085,5/18/2023
SAID-0003085,5/18/2023
SAID-0003085,10/23/2023
SAID-0003311,8/10/2023
SAID-0003323,7/3/2023
SAID-0003385,12/1/2023
SAID-0003421,9/15/2023
SAID-0003422,6/3/2024
SAID-0003427,1/17/2025
SAID-0003429,8/10/2023
SAID-0003430,2/8/2024
SAID-0003497,6/16/2023
SAID-0003513,10/20/2023
SAID-0003524,7/9/2024
SAID-0003547,1/8/2025
SAID-0003578,10/5/2023
SAID-0003591,1/15/2024
SAID-0003611,5/17/2024
SAID-0003665,8/18/2023
SAID-0003705,7/28/2023
SAID-0003712,4/28/2023
SAID-0003758,11/1/2023
SAID-0003778,1/30/2024
SAID-0003791,12/4/2023
SAID-0003838,4/3/2024
SAID-0003843,12/30/2024
SAID-0003860,5/23/2024
SAID-0003899,6/19/2023
SAID-0003907,6/6/2024
SAID-0003907,10/23/2024
SAID-0003909,8/23/2024
SAID-0003924,2/5/2024
SAID-0003924,3/25/2024
SAID-0003925,10/10/2023
SAID-0003938,6/18/2024
SAID-0003945,9/13/2024
SAID-0003945,9/13/2024
SAID-0003958,4/24/2023
SAID-0003964,5/28/2024
SAID-0003976,8/18/2023
SAID-0003986,9/18/2023
SAID-0003988,3/28/2024
SAID-0003990,5/11/2023
SAID-0004025,1/10/2025
SAID-0004047,9/6/2023
SAID-0004060,9/29/2023
SAID-0004064,1/13/2024
SAID-0004077,1/29/2025
SAID-0004077,3/13/2025
SAID-0004137,5/29/2024
SAID-0004139,6/7/2024
SAID-0004139,11/1/2024
SAID-0004144,2/19/2024
SAID-0004144,11/8/2024
SAID-0004152,10/6/2023
SAID-0004152,2/28/2024
SAID-0004152,2/7/2024
SAID-0004153,11/13/2023
SAID-0004156,4/1/2024
SAID-0004159,2/28/2024
SAID-0004164,10/9/2023
SAID-0004176,10/12/2023
SAID-0004202,6/18/2024
SAID-0004203,5/31/2024
SAID-0004217,1/6/2025
SAID-0004221,9/26/2023
SAID-0004232,8/22/2023
SAID-0004238,5/30/2024
SAID-0004250,7/10/2023
SAID-0004251,2/19/2024
SAID-0004252,10/1/2024
SAID-0004285,12/8/2023
SAID-0004292,9/20/2024
SAID-0004303,9/13/2024
SAID-0004308,3/15/2024
SAID-0004314,10/31/2024
SAID-0004322,10/1/2024
SAID-0004368,3/22/2024
SAID-0004373,12/4/2023
SAID-0004377,5/2/2024
SAID-0004392,5/21/2024
SAID-0004393,5/10/2023
SAID-0004396,4/10/2024
SAID-0004397,2/5/2024
SAID-0004416,2/27/2024
SAID-0004420,6/6/2024
SAID-0004456,3/15/2024
SAID-0004465,6/10/2024
SAID-0004466,3/20/2024
SAID-0004469,5/3/2024
SAID-0004471,3/1/2024
SAID-0004472,1/10/2024
SAID-0004481,1/31/2024
SAID-0004481,10/21/2024
SAID-0004488,7/8/2024
SAID-0004488,7/10/2023
SAID-0004496,6/6/2023
SAID-0004496,6/6/2024
SAID-0004512,10/12/2023
SAID-0004568,2/19/2025
SAID-0004569,11/29/2023
SAID-0004576,6/6/2023
SAID-0004576,6/6/2023
SAID-0004576,6/14/2023
SAID-0004576,5/30/2024
SAID-0004583,1/8/2025
SAID-0004584,1/8/2025
SAID-0004585,1/3/2024
SAID-0004587,1/3/2024
SAID-0004587,1/3/2024
SAID-0004589,3/27/2024
SAID-0004590,3/27/2024
SAID-0004597,2/15/2024
SAID-0004598,2/15/2024
SAID-0004599,5/28/2024
SAID-0004616,6/6/2023
SAID-0004616,10/16/2023
SAID-0004626,10/4/2023
SAID-0004626,11/2/2023
SAID-0004633,5/11/2023
SAID-0004650,1/9/2024
SAID-0004682,11/21/2023
SAID-0004703,6/7/2023
SAID-0004864,1/16/2025
SAID-0004882,2/7/2024
SAID-0004886,8/2/2023
SAID-0004887,7/29/2024
SAID-0004896,10/31/2023
SAID-0004920,4/14/2023
SAID-0004921,12/27/2023
SAID-0005033,2/6/2024
SAID-0005047,6/28/2023
SAID-0005054,1/21/2025
SAID-0005073,6/6/2023
SAID-0005078,2/11/2025
SAID-0005085,7/10/2024
SAID-0005106,3/19/2025
SAID-0005110,4/10/2024
SAID-0005131,1/13/2025
SAID-0005138,1/13/2025
SAID-0005252,5/17/2024
SAID-0005267,9/12/2024
SAID-0005321,7/17/2023
SAID-0005329,2/9/2024
SAID-0005362,11/11/2024
SAID-0005363,1/8/2024
SAID-0005364,4/30/2024
SAID-0005366,7/25/2024
SAID-0005370,9/18/2024
SAID-0005372,4/20/2023
SAID-0005372,4/22/2024
SAID-0005373,4/20/2023
SAID-0005373,4/22/2024
SAID-0005381,11/4/2024
SAID-0005417,5/30/2024
SAID-0005423,6/27/2024
SAID-0005461,4/20/2023
SAID-0005461,4/22/2024
SAID-0005461,4/22/2024
SAID-0005464,4/20/2023
SAID-0005464,4/22/2024
SAID-0005464,4/22/2024
SAID-0005470,3/12/2024
SAID-0005476,8/22/2024
SAID-0005476,10/25/2024
SAID-0005569,7/17/2024
SAID-0005628,5/17/2024
SAID-0005645,10/23/2024
SAID-0005648,3/17/2025
SAID-0005649,3/20/2024
SAID-0005651,10/6/2023
SAID-0005655,11/1/2023
SAID-0005655,8/27/2024
SAID-0005673,4/3/2024
SAID-0005721,2/27/2024
SAID-0005736,1/16/2024
SAID-0005740,11/11/2024
SAID-0005837,6/13/2023
SAID-0005849,11/13/2023
SAID-0005850,10/2/2024
SAID-0005855,7/13/2023
SAID-0005860,6/11/2024
SAID-0005867,10/23/2024
SAID-0005873,10/3/2023
SAID-0005876,7/29/2024
SAID-0005878,4/3/2024
SAID-0005888,1/22/2025
SAID-0005958,5/30/2023
SAID-0006012,9/12/2024
SAID-0006015,4/8/2024
SAID-0006019,7/1/2024
SAID-0006029,11/22/2023
SAID-0006030,11/14/2023
SAID-0006032,7/24/2024
SAID-0006033,9/28/2023
SAID-0006036,12/18/2024
SAID-0006054,5/10/2024
SAID-0006056,12/18/2024
SAID-0006056,2/17/2025
SAID-0006078,3/15/2024
SAID-0006144,10/17/2024
SAID-0006285,11/8/2023
SAID-0006291,9/12/2023
SAID-0006291,9/28/2023
SAID-0006339,6/17/2024
SAID-0006344,7/24/2024
SAID-0006356,11/5/2024
SAID-0006389,9/28/2023
SAID-0006409,7/20/2023
SAID-0006414,2/16/2024
SAID-0006482,9/24/2024
SAID-0006572,11/29/2023
SAID-0006573,7/2/2024
SAID-0006578,3/11/2024
SAID-0006584,9/11/2023
SAID-0006592,7/11/2024
SAID-0006612,12/12/2023
SAID-0006612,4/16/2024
SAID-0006628,10/2/2024
SAID-0006629,3/28/2024
SAID-0006635,10/10/2023
SAID-0006639,6/26/2024
SAID-0006642,2/1/2024
SAID-0006653,11/21/2024
SAID-0006738,1/22/2024
SAID-0006780,11/21/2024
SAID-0006780,8/9/2024
SAID-0006786,5/23/2023
SAID-0006786,5/10/2024
SAID-0006786,5/21/2024
SAID-0006786,8/9/2024
SAID-0006786,11/6/2024
SAID-0006798,11/15/2023
SAID-0006798,11/17/2023
SAID-0006803,4/17/2024
SAID-0006812,10/20/2023
SAID-0006970,7/18/2023
SAID-0007006,7/17/2023
SAID-0007026,5/23/2023
SAID-0007035,10/20/2023
SAID-0007038,2/2/2024
SAID-0007049,9/28/2023
SAID-0007101,3/27/2024
SAID-0007120,2/21/2024
SAID-0007123,2/11/2025
SAID-0007154,11/7/2024
SAID-0007164,1/9/2024
SAID-0007177,10/6/2023
SAID-0007186,11/7/2023
SAID-0007231,11/16/2023
SAID-0007234,11/7/2023
SAID-0007246,1/4/2024
SAID-0007257,11/28/2023
SAID-0007259,4/28/2023
SAID-0007269,9/20/2023
SAID-0007270,1/3/2024
SAID-0007276,1/16/2025
SAID-0007297,7/18/2023
SAID-0007298,3/18/2024
SAID-0007299,9/20/2023
SAID-0007302,12/11/2023
SAID-0007318,10/23/2024
SAID-0007321,3/10/2025
SAID-0007342,4/27/2023
SAID-0007344,6/28/2023
SAID-0007344,8/7/2023
SAID-0007368,3/1/2024
SAID-0007385,6/24/2024
SAID-0007394,10/16/2024
SAID-0007396,10/16/2024
SAID-0007397,10/29/2024
SAID-0007400,2/24/2025
SAID-0007404,5/6/2024
SAID-0007425,8/31/2023
SAID-0007440,8/11/2023
SAID-0007458,11/14/2024
SAID-0007498,4/11/2024
SAID-0007498,10/11/2024
SAID-0007498,10/11/2024
SAID-0007524,8/30/2023
SAID-0007528,11/16/2023
SAID-0007558,2/10/2025
SAID-0007559,1/17/2025
SAID-0007936,8/23/2023
SAID-0007958,6/10/2024
SAID-0008035,7/26/2024
SAID-0008066,2/19/2024
SAID-0008072,9/18/2023
SAID-0008084,10/19/2023
SAID-0008085,3/17/2025
SAID-0008106,2/9/2024
SAID-0008113,5/31/2023
SAID-0008114,2/17/2025
SAID-0008127,3/29/2024
SAID-0008129,4/28/2023
SAID-0008144,7/23/2024
SAID-0008179,7/18/2024
SAID-0008224,7/6/2023
SAID-0008231,7/24/2024
SAID-0008285,4/18/2023
SAID-0008294,9/8/2023
SAID-0008295,9/11/2023
SAID-0008296,5/24/2024
SAID-0008299,6/8/2023
SAID-0008300,8/22/2023
SAID-0008308,2/17/2025
SAID-0008315,8/16/2024
SAID-0008320,8/22/2023
SAID-0008329,11/1/2023
SAID-0008330,7/2/2024
SAID-0008359,11/26/2024
SAID-0008366,5/16/2024
SAID-0008391,8/21/2023
SAID-0008409,8/22/2024
SAID-0008419,3/11/2024
SAID-0008437,11/19/2024
SAID-0008457,6/29/2023
SAID-0008491,7/28/2023
SAID-0008495,5/6/2024
SAID-0008497,4/28/2023
SAID-0008609,10/5/2023
SAID-0008617,1/15/2024
SAID-0008622,1/3/2024
SAID-0008692,6/6/2024
SAID-0008951,4/25/2024
SAID-0008980,4/8/2024
SAID-0009051,2/24/2025
SAID-0009058,3/15/2024
SAID-0009068,5/28/2024
SAID-0009073,7/24/2023
SAID-0009073,1/4/2024
SAID-0009075,5/13/2024
SAID-0009076,9/5/2024
SAID-0009080,10/24/2023
SAID-0009083,5/16/2024
SAID-0009089,6/26/2024
SAID-0009114,1/9/2024
SAID-0009116,6/28/2024
SAID-0009117,10/10/2024
SAID-0009120,10/4/2024
SAID-0009121,5/9/2024
SAID-0009132,1/28/2025
SAID-0009151,2/24/2025
SAID-0009155,7/31/2023
SAID-0009157,4/26/2024
SAID-0009157,2/18/2025
SAID-0009166,5/13/2024
SAID-0009170,8/18/2023
SAID-0009170,3/12/2025
SAID-0009185,6/26/2024
SAID-0009192,6/20/2023
SAID-0009199,10/2/2024
SAID-0009200,12/12/2024
SAID-0009202,12/5/2023
SAID-0009231,1/11/2024
SAID-0009243,10/3/2024
SAID-0009246,3/7/2024
SAID-0009246,3/19/2024
SAID-0009257,10/14/2024
SAID-0009259,1/28/2025
SAID-0009260,3/17/2025
SAID-0009264,9/24/2024
SAID-0009271,1/22/2024
SAID-0009271,1/23/2024
SAID-0009287,6/19/2023
SAID-0009292,6/21/2024
SAID-0009293,6/17/2024
SAID-0009301,7/31/2023
SAID-0009304,10/23/2024
SAID-0009304,2/14/2025
SAID-0009316,6/14/2024
SAID-0009320,1/16/2025
SAID-0009323,6/28/2023
SAID-0009342,12/19/2024
SAID-0009345,3/7/2024
SAID-0009368,2/29/2024
SAID-0009376,5/28/2024
SAID-0009381,10/29/2024
SAID-0009388,4/5/2024
SAID-0009388,5/23/2024
SAID-0009393,12/11/2023
SAID-0009394,11/14/2024
SAID-0009408,8/21/2024
SAID-0009422,1/19/2024
SAID-0009441,7/25/2023
SAID-0009443,3/20/2024
SAID-0009445,3/21/2024
SAID-0009451,6/13/2024
SAID-0009455,10/7/2024
SAID-0009463,11/1/2023
SAID-0009472,11/9/2023
SAID-0009506,12/5/2023
SAID-0009510,1/9/2024
SAID-0009580,1/6/2025
SAID-0009583,6/7/2024
SAID-0009626,10/10/2024
SAID-0009634,8/22/2024
SAID-0009636,5/18/2023
SAID-0009695,3/22/2024
SAID-0009721,6/14/2024
SAID-0009721,6/7/2024
SAID-0009731,9/15/2023
SAID-0009731,9/15/2023
SAID-0009731,9/28/2023
SAID-0009768,6/7/2024
SAID-0009783,6/7/2024
SAID-0009872,9/6/2024
SAID-0009875,6/7/2024
SAID-0009876,5/3/2024
SAID-0009876,5/22/2024
SAID-0009886,11/19/2024
SAID-0009952,4/19/2023
SAID-0009953,4/19/2023
SAID-0009954,7/12/2023
SAID-0009957,5/26/2023
SAID-0009957,7/5/2023
SAID-0009957,9/11/2023
SAID-0009958,7/13/2023
SAID-0009959,8/25/2023
SAID-0009960,5/19/2023
SAID-0009960,6/13/2023
SAID-0009962,6/30/2023
SAID-0009963,8/15/2023
SAID-0009964,7/11/2023
SAID-0009966,5/19/2023
SAID-0009975,4/25/2023
SAID-0009977,5/5/2023
SAID-0009978,5/5/2023
SAID-0009978,6/14/2023
SAID-0009979,5/26/2023
SAID-0009979,7/19/2023
SAID-0009984,4/17/2023
SAID-0009985,4/11/2023
SAID-0009986,4/11/2023
SAID-0009994,4/14/2023
SAID-0009994,5/21/2024
SAID-0009995,4/14/2023
SAID-0009995,5/3/2024
SAID-0009996,4/17/2023
SAID-0010023,10/19/2023
SAID-0010028,4/28/2023
SAID-0010029,4/28/2023
SAID-0010030,4/28/2023
SAID-0010031,4/28/2023
SAID-0010032,4/28/2023
SAID-0010033,4/28/2023
SAID-0010034,4/28/2023
SAID-0010036,5/1/2023
SAID-0010037,5/1/2023
SAID-0010037,5/23/2023
SAID-0010038,6/21/2023
SAID-0010039,5/5/2023
SAID-0010040,8/14/2023
SAID-0010041,4/28/2023
SAID-0010043,7/13/2023
SAID-0010047,7/5/2023
SAID-0010050,5/15/2023
SAID-0010053,1/3/2025
SAID-0010055,9/4/2024
SAID-0010061,8/10/2023
SAID-0010062,2/7/2024
SAID-0010063,6/21/2024
SAID-0010064,11/15/2023
SAID-0010064,1/4/2024
SAID-0010064,4/18/2024
SAID-0010066,11/26/2024
SAID-0010077,5/3/2024
SAID-0010081,8/2/2023
SAID-0010089,8/25/2023
SAID-0010095,10/20/2023
SAID-0010098,1/17/2024
SAID-0010099,1/25/2024
SAID-0010100,4/29/2024
SAID-0010107,6/1/2023
SAID-0010117,9/12/2023
SAID-0010119,9/19/2023
SAID-0010120,6/29/2023
SAID-0010122,8/18/2023
SAID-0010124,8/18/2023
SAID-0010125,6/25/2024
SAID-0010126,6/20/2023
SAID-0010136,6/22/2023
SAID-0010140,7/14/2023
SAID-0010144,5/30/2023
SAID-0010144,1/22/2025
SAID-0010148,8/31/2023
SAID-0010150,10/5/2023
SAID-0010150,11/20/2023
SAID-0010155,7/17/2023
SAID-0010157,10/9/2024
SAID-0010158,11/27/2024
SAID-0010162,7/22/2024
SAID-0010163,3/14/2024
SAID-0010164,2/16/2024
SAID-0010165,6/2/2023
SAID-0010168,8/22/2023
SAID-0010169,6/14/2023
SAID-0010172,6/25/2024
SAID-0010174,5/21/2024
SAID-0010176,2/1/2024
SAID-0010178,6/29/2023
SAID-0010187,6/20/2024
SAID-0010191,6/7/2024
SAID-0010195,6/29/2023
SAID-0010196,6/29/2023
SAID-0010197,6/2/2023
SAID-0010197,8/23/2023
SAID-0010197,6/20/2024
SAID-0010198,9/14/2023
SAID-0010199,6/13/2023
SAID-0010199,6/6/2023
SAID-0010199,6/14/2023
SAID-0010200,7/11/2023
SAID-0010201,11/9/2023
SAID-0010202,12/26/2023
SAID-0010204,8/23/2023
SAID-0010205,1/31/2024
SAID-0010206,6/13/2023
SAID-0010209,9/17/2024
SAID-0010213,10/10/2023
SAID-0010214,5/30/2023
SAID-0010214,9/15/2023
SAID-0010214,11/25/2024
SAID-0010215,9/28/2023
SAID-0010216,7/19/2023
SAID-0010217,9/13/2023
SAID-0010217,11/3/2023
SAID-0010217,11/22/2023
SAID-0010219,6/9/2023
SAID-0010221,5/31/2023
SAID-0010222,5/15/2023
SAID-0010224,6/15/2023
SAID-0010224,5/26/2023
SAID-0010227,7/8/2024
SAID-0010227,9/8/2023
SAID-0010228,5/23/2023
SAID-0010229,6/9/2023
SAID-0010229,6/13/2023
SAID-0010230,7/17/2023
SAID-0010231,5/23/2023
SAID-0010231,6/6/2023
SAID-0010231,6/14/2023
SAID-0010232,5/30/2023
SAID-0010234,8/22/2023
SAID-0010234,9/13/2023
SAID-0010235,1/9/2024
SAID-0010235,6/6/2024
SAID-0010238,10/17/2023
SAID-0010239,7/31/2023
SAID-0010240,6/23/2023
SAID-0010240,5/30/2023
SAID-0010241,7/10/2023
SAID-0010243,8/4/2023
SAID-0010245,5/19/2023
SAID-0010246,5/30/2023
SAID-0010246,9/13/2024
SAID-0010246,9/13/2024
SAID-0010248,5/24/2023
SAID-0010252,6/20/2023
SAID-0010254,6/15/2023
SAID-0010255,5/30/2023
SAID-0010256,5/30/2023
SAID-0010256,10/9/2023
SAID-0010258,6/6/2023
SAID-0010259,6/15/2023
SAID-0010260,5/26/2023
SAID-0010261,7/24/2023
SAID-0010262,8/28/2024
SAID-0010265,8/12/2024
SAID-0010266,10/2/2023
SAID-0010267,7/10/2023
SAID-0010268,8/15/2023
SAID-0010269,8/29/2023
SAID-0010270,8/29/2023
SAID-0010271,11/17/2023
SAID-0010272,1/4/2024
SAID-0010273,9/1/2023
SAID-0010274,10/31/2023
SAID-0010274,10/31/2023
SAID-0010275,6/13/2023
SAID-0010276,6/13/2023
SAID-0010279,3/27/2024
SAID-0010280,5/9/2023
SAID-0010282,1/26/2024
SAID-0010283,12/5/2023
SAID-0010284,6/27/2024
SAID-0010286,3/27/2024
SAID-0010295,10/23/2023
SAID-0010297,10/10/2024
SAID-0010299,8/3/2023
SAID-0010300,8/3/2023
SAID-0010301,6/8/2023
SAID-0010304,5/5/2023
SAID-0010305,7/6/2023
SAID-0010306,10/22/2024
SAID-0010309,6/2/2023
SAID-0010309,7/17/2023
SAID-0010310,6/9/2023
SAID-0010311,6/7/2023
SAID-0010313,6/14/2023
SAID-0010314,4/17/2024
SAID-0010315,6/9/2023
SAID-0010319,5/4/2023
SAID-0010320,5/4/2023
SAID-0010325,9/15/2023
SAID-0010325,11/1/2023
SAID-0010325,12/18/2023
SAID-0010327,6/21/2023
SAID-0010327,6/30/2023
SAID-0010327,7/6/2023
SAID-0010328,7/12/2023
SAID-0010330,1/11/2024
SAID-0010333,11/6/2023
SAID-0010335,11/28/2023
SAID-0010601,5/11/2023
SAID-0010603,5/19/2023
SAID-0010604,5/25/2023
SAID-0010605,5/25/2023
SAID-0010606,5/23/2023
SAID-0010607,5/23/2023
SAID-0010607,6/2/2023
SAID-0010608,7/5/2023
SAID-0010608,7/1/2024
SAID-0010609,5/26/2023
SAID-0010610,7/20/2023
SAID-0010611,7/19/2023
SAID-0010613,5/26/2023
SAID-0010614,6/15/2023
SAID-0010615,5/26/2023
SAID-0010616,5/26/2023
SAID-0010617,5/25/2023
SAID-0010618,5/26/2023
SAID-0010636,5/4/2023
SAID-0010640,6/9/2023
SAID-0010643,6/6/2023
SAID-0010643,6/14/2023
SAID-0010643,11/7/2024
SAID-0010645,6/6/2023
SAID-0010646,6/6/2023
SAID-0010649,6/12/2023
SAID-0010649,6/8/2023
SAID-0010650,6/12/2023
SAID-0010654,6/9/2023
SAID-0010655,6/9/2023
SAID-0010656,5/18/2023
SAID-0010656,7/15/2023
SAID-0010656,11/1/2023
SAID-0010657,7/15/2023
SAID-0010657,11/1/2023
SAID-0010661,6/12/2023
SAID-0010669,6/29/2023
SAID-0010670,6/29/2023
SAID-0010672,6/15/2023
SAID-0010673,6/19/2023
SAID-0010673,10/30/2023
SAID-0010675,12/20/2023
SAID-0010676,1/11/2024
SAID-0010681,4/16/2024
SAID-0010682,9/27/2023
SAID-0010692,10/13/2023
SAID-0010694,9/28/2023
SAID-0010694,2/12/2025
SAID-0010703,10/23/2023
SAID-0010705,7/26/2023
SAID-0010706,11/1/2023
SAID-0010708,1/20/2025
SAID-0010709,12/20/2023
SAID-0010710,3/26/2024
SAID-0010711,1/18/2024
SAID-0010712,6/20/2023
SAID-0010715,7/6/2023
SAID-0010716,8/28/2023
SAID-0010721,5/25/2023
SAID-0010723,11/15/2023
SAID-0010725,6/29/2023
SAID-0010731,5/3/2024
SAID-0010731,5/22/2024
SAID-0010738,10/27/2023
SAID-0010739,2/16/2024
SAID-0010751,1/18/2024
SAID-0010770,1/29/2024
SAID-0010776,8/1/2023
SAID-0010776,11/22/2024
SAID-0010779,6/26/2023
SAID-0010780,11/6/2023
SAID-0010787,6/26/2023
SAID-0010788,11/6/2023
SAID-0010797,8/22/2023
SAID-0010797,10/3/2023
SAID-0010798,6/13/2023
SAID-0010798,4/29/2024
SAID-0010799,7/25/2023
SAID-0010815,9/15/2023
SAID-0010821,11/3/2023
SAID-0010821,3/5/2024
SAID-0010826,2/6/2024
SAID-0010833,9/29/2023
SAID-0010834,1/2/2024
SAID-0010837,9/25/2024
SAID-0010838,7/28/2023
SAID-0010840,12/12/2023
SAID-0010849,5/20/2024
SAID-0010853,12/28/2023
SAID-0010858,3/20/2024
SAID-0010861,3/4/2025
SAID-0010879,8/8/2023
SAID-0010880,6/27/2023
SAID-0010886,6/30/2023
SAID-0010894,1/11/2024
SAID-0010904,10/4/2024
SAID-0010905,6/23/2023
SAID-0010910,1/4/2024
SAID-0010914,11/1/2023
SAID-0010915,6/30/2023
SAID-0010916,6/30/2023
SAID-0010918,6/21/2023
SAID-0010921,6/23/2023
SAID-0010922,6/21/2023
SAID-0010923,6/20/2023
SAID-0010924,6/20/2023
SAID-0010925,7/13/2023
SAID-0010926,6/21/2023
SAID-0010926,8/31/2023
SAID-0010927,7/8/2024
SAID-0010927,9/7/2023
SAID-0010928,6/20/2023
SAID-0010929,6/20/2023
SAID-0010930,6/27/2023
SAID-0010931,6/27/2023
SAID-0010931,6/27/2023
SAID-0010931,3/19/2024
SAID-0010932,6/27/2023
SAID-0010932,6/27/2023
SAID-0010933,6/27/2023
SAID-0010934,6/27/2023
SAID-0010935,6/26/2023
SAID-0010936,6/26/2023
SAID-0010937,7/20/2023
SAID-0010938,8/16/2023
SAID-0010939,6/28/2023
SAID-0010940,8/16/2023
SAID-0010940,8/22/2023
SAID-0010940,11/21/2024
SAID-0010940,8/16/2024
SAID-0010941,9/6/2023
SAID-0010943,8/16/2023
SAID-0010943,10/13/2023
SAID-0010943,4/18/2024
SAID-0010944,8/15/2023
SAID-0010945,8/28/2023
SAID-0010946,8/29/2023
SAID-0010951,6/26/2023
SAID-0010952,6/26/2023
SAID-0010953,6/26/2023
SAID-0010963,8/10/2023
SAID-0010964,6/13/2023
SAID-0010965,8/8/2023
SAID-0010966,8/8/2023
SAID-0010967,7/6/2023
SAID-0010968,6/30/2023
SAID-0010969,9/20/2023
SAID-0010971,6/30/2023
SAID-0010972,6/30/2023
SAID-0010973,6/30/2023
SAID-0010975,7/3/2023
SAID-0010976,6/29/2023
SAID-0010977,6/29/2023
SAID-0010978,6/29/2023
SAID-0010979,6/29/2023
SAID-0010980,6/29/2023
SAID-0010981,6/29/2023
SAID-0010982,6/29/2023
SAID-0010983,6/26/2023
SAID-0010984,6/27/2023
SAID-0010985,6/27/2023
SAID-0010986,10/19/2023
SAID-0010987,6/21/2023
SAID-0010988,6/21/2023
SAID-0010989,6/21/2023
SAID-0010992,6/30/2023
SAID-0010992,6/30/2023
SAID-0011006,7/10/2023
SAID-0011007,7/10/2023
SAID-0011007,4/23/2024
SAID-0011011,5/26/2023
SAID-0011012,7/13/2023
SAID-0011013,8/2/2023
SAID-0011014,7/11/2023
SAID-0011015,7/20/2023
SAID-0011016,7/25/2023
SAID-0011017,5/31/2023
SAID-0011018,7/12/2023
SAID-0011019,7/12/2023
SAID-0011020,7/12/2023
SAID-0011021,7/12/2023
SAID-0011022,7/12/2023
SAID-0011023,7/5/2023
SAID-0011023,9/19/2023
SAID-0011037,7/12/2023
SAID-0011038,7/13/2023
SAID-0011040,7/14/2023
SAID-0011045,7/18/2023
SAID-0011046,7/18/2023
SAID-0011046,7/18/2023
SAID-0011050,10/6/2023
SAID-0011051,5/9/2023
SAID-0011052,5/31/2023
SAID-0011054,6/1/2023
SAID-0011055,6/1/2023
SAID-0011056,6/2/2023
SAID-0011057,6/2/2023
SAID-0011058,7/11/2023
SAID-0011059,7/11/2023
SAID-0011061,7/27/2023
SAID-0011062,7/27/2023
SAID-0011063,7/27/2023
SAID-0011064,8/31/2023
SAID-0011064,9/28/2023
SAID-0011065,8/31/2023
SAID-0011066,8/31/2023
SAID-0011068,8/8/2023
SAID-0011069,8/8/2023
SAID-0011070,7/18/2023
SAID-0011071,7/20/2023
SAID-0011072,8/1/2023
SAID-0011072,3/6/2025
SAID-0011073,7/31/2023
SAID-0011074,7/24/2023
SAID-0011076,12/5/2023
SAID-0011079,7/19/2023
SAID-0011080,7/19/2023
SAID-0011081,7/27/2023
SAID-0011082,7/31/2023
SAID-0011083,8/24/2023
SAID-0011084,8/24/2023
SAID-0011084,8/8/2023
SAID-0011085,7/31/2023
SAID-0011086,8/2/2023
SAID-0011087,8/2/2023
SAID-0011088,7/26/2023
SAID-0011088,7/26/2023
SAID-0011089,7/26/2023
SAID-0011090,8/10/2023
SAID-0011091,7/27/2023
SAID-0011092,7/27/2023
SAID-0011093,8/22/2023
SAID-0011093,11/7/2024
SAID-0011094,7/27/2023
SAID-0011096,8/30/2023
SAID-0011097,8/30/2023
SAID-0011098,7/25/2023
SAID-0011099,7/25/2023
SAID-0011100,8/2/2023
SAID-0011100,8/22/2023
SAID-0011103,8/10/2023
SAID-0011104,7/31/2023
SAID-0011105,8/1/2023
SAID-0011106,8/1/2023
SAID-0011107,7/31/2023
SAID-0011108,9/13/2023
SAID-0011108,4/25/2024
SAID-0011108,3/10/2025
SAID-0011109,8/9/2023
SAID-0011110,8/9/2023
SAID-0011111,8/9/2023
SAID-0011112,8/9/2023
SAID-0011113,8/9/2023
SAID-0011115,7/26/2023
SAID-0011116,7/26/2023
SAID-0011117,7/26/2023
SAID-0011118,7/26/2023
SAID-0011119,8/22/2023
SAID-0011120,8/22/2023
SAID-0011121,8/1/2023
SAID-0011122,8/2/2023
SAID-0011123,10/4/2023
SAID-0011124,8/17/2023
SAID-0011125,1/29/2024
SAID-0011132,8/29/2023
SAID-0011133,8/29/2023
SAID-0011134,8/8/2023
SAID-0011135,8/8/2023
SAID-0011136,8/9/2023
SAID-0011140,8/3/2023
SAID-0011141,8/3/2023
SAID-0011142,8/3/2023
SAID-0011143,8/9/2023
SAID-0011146,8/8/2023
SAID-0011147,8/30/2023
SAID-0011148,9/29/2023
SAID-0011149,8/10/2023
SAID-0011150,8/10/2023
SAID-0011151,9/1/2023
SAID-0011152,8/30/2023
SAID-0011152,9/1/2023
SAID-0011153,8/9/2023
SAID-0011157,8/24/2023
SAID-0011163,5/3/2024
SAID-0011164,5/3/2024
SAID-0011165,10/2/2024
SAID-0011166,1/26/2024
SAID-0011168,9/11/2023
SAID-0011168,2/12/2024
SAID-0011172,8/23/2023
SAID-0011173,8/28/2023
SAID-0011173,8/28/2023
SAID-0011173,8/28/2023
SAID-0011186,8/21/2023
SAID-0011189,5/30/2024
SAID-0011189,5/30/2024
SAID-0011190,1/23/2024
SAID-0011192,3/29/2024
SAID-0011196,4/5/2024
SAID-0011196,5/23/2024
SAID-0011198,11/18/2024
SAID-0011206,11/9/2023
SAID-0011207,11/8/2023
SAID-0011220,8/24/2023
SAID-0011220,8/24/2023
SAID-0011221,8/24/2023
SAID-0011222,8/28/2023
SAID-0011223,8/29/2023
SAID-0011224,8/29/2023
SAID-0011225,8/29/2023
SAID-0011226,8/25/2023
SAID-0011227,10/20/2023
SAID-0011228,10/20/2023
SAID-0011229,8/28/2023
SAID-0011230,6/6/2023
SAID-0011231,6/6/2023
SAID-0011232,8/8/2023
SAID-0011233,8/8/2023
SAID-0011234,8/8/2023
SAID-0011234,6/6/2023
SAID-0011235,6/6/2023
SAID-0011235,8/8/2023
SAID-0011236,6/6/2023
SAID-0011237,6/6/2023
SAID-0011238,6/6/2023
SAID-0011239,6/6/2023
SAID-0011240,8/8/2023
SAID-0011241,8/17/2023
SAID-0011241,9/13/2023
SAID-0011242,8/28/2023
SAID-0011243,8/29/2023
SAID-0011244,8/30/2023
SAID-0011245,8/21/2023
SAID-0011246,8/21/2023
SAID-0011249,9/1/2023
SAID-0011252,8/30/2023
SAID-0011253,9/6/2023
SAID-0011253,9/6/2023
SAID-0011254,9/8/2023
SAID-0011255,8/25/2023
SAID-0011256,8/25/2023
SAID-0011257,8/25/2023
SAID-0011258,9/1/2023
SAID-0011259,1/23/2024
SAID-0011260,1/22/2024
SAID-0011261,9/1/2023
SAID-0011261,7/26/2024
SAID-0011262,9/1/2023
SAID-0011262,2/6/2024
SAID-0011263,9/6/2023
SAID-0011270,9/6/2023
SAID-0011271,9/6/2023
SAID-0011276,8/31/2023
SAID-0011277,9/1/2023
SAID-0011280,9/1/2023
SAID-0011280,7/5/2023
SAID-0011281,9/1/2023
SAID-0011285,9/12/2023
SAID-0011286,9/12/2023
SAID-0011291,9/11/2023
SAID-0011293,9/7/2023
SAID-0011295,10/30/2023
SAID-0011297,9/8/2023
SAID-0011303,9/5/2023
SAID-0011305,9/8/2023
SAID-0011306,9/14/2023
SAID-0011306,9/26/2023
SAID-0011309,9/8/2023
SAID-0011311,9/13/2023
SAID-0011312,12/21/2023
SAID-0011313,10/17/2023
SAID-0011314,9/13/2023
SAID-0011314,11/22/2024
SAID-0011320,9/14/2023
SAID-0011322,9/13/2023
SAID-0011324,9/18/2023
SAID-0011328,9/22/2023
SAID-0011329,9/14/2023
SAID-0011331,9/20/2023
SAID-0011332,9/20/2023
SAID-0011335,9/14/2023
SAID-0011338,9/19/2023
SAID-0011338,9/19/2023
SAID-0011340,9/19/2023
SAID-0011340,9/19/2023
SAID-0011342,10/17/2023
SAID-0011343,9/27/2023
SAID-0011344,9/27/2023
SAID-0011345,9/27/2023
SAID-0011346,9/27/2023
SAID-0011347,9/27/2023
SAID-0011348,9/27/2023
SAID-0011349,9/27/2023
SAID-0011350,9/27/2023
SAID-0011350,5/24/2024
SAID-0011351,1/16/2025
SAID-0011352,10/17/2023
SAID-0011354,9/21/2023
SAID-0011354,5/30/2024
SAID-0011355,9/28/2023
SAID-0011356,9/26/2023
SAID-0011357,9/26/2023
SAID-0011358,9/22/2023
SAID-0011359,9/25/2023
SAID-0011360,9/22/2023
SAID-0011361,9/22/2023
SAID-0011362,9/22/2023
SAID-0011363,9/22/2023
SAID-0011364,9/22/2023
SAID-0011366,10/26/2023
SAID-0011367,10/26/2023
SAID-0011368,10/26/2023
SAID-0011369,10/2/2023
SAID-0011371,9/26/2023
SAID-0011372,9/29/2023
SAID-0011374,7/5/2023
SAID-0011375,11/20/2023
SAID-0011375,11/20/2023
SAID-0011376,11/20/2023
SAID-0011377,11/20/2023
SAID-0011378,11/20/2023
SAID-0011379,11/20/2023
SAID-0011380,9/26/2023
SAID-0011382,9/15/2023
SAID-0011382,11/1/2023
SAID-0011383,10/5/2023
SAID-0011384,10/10/2023
SAID-0011386,5/3/2024
SAID-0011388,10/6/2023
SAID-0011389,9/29/2023
SAID-0011390,9/29/2023
SAID-0011391,10/5/2023
SAID-0011392,10/3/2023
SAID-0011395,9/18/2023
SAID-0011396,10/2/2023
SAID-0011397,10/3/2023
SAID-0011398,10/4/2023
SAID-0011399,10/4/2023
SAID-0011401,10/4/2023
SAID-0011402,10/3/2023
SAID-0011403,10/4/2023
SAID-0011404,10/4/2023
SAID-0011405,10/4/2023
SAID-0011406,9/19/2023
SAID-0011407,9/13/2023
SAID-0011408,10/2/2023
SAID-0011410,10/9/2023
SAID-0011412,10/6/2023
SAID-0011413,10/6/2023
SAID-0011414,11/2/2023
SAID-0011415,11/2/2023
SAID-0011416,11/16/2023
SAID-0011417,11/17/2023
SAID-0011418,11/29/2023
SAID-0011419,9/22/2023
SAID-0011420,10/10/2023
SAID-0011421,10/10/2023
SAID-0011422,10/11/2023
SAID-0011425,10/2/2023
SAID-0011425,7/17/2024
SAID-0011432,11/9/2023
SAID-0011433,11/9/2023
SAID-0011434,11/9/2023
SAID-0011435,11/9/2023
SAID-0011436,10/16/2023
SAID-0011437,10/16/2023
SAID-0011437,5/21/2024
SAID-0011438,5/3/2024
SAID-0011438,10/11/2023
SAID-0011439,10/12/2023
SAID-0011440,10/17/2023
SAID-0011441,10/30/2023
SAID-0011442,10/10/2023
SAID-0011443,10/10/2023
SAID-0011444,10/10/2023
SAID-0011445,10/24/2023
SAID-0011446,10/24/2023
SAID-0011447,10/11/2023
SAID-0011448,10/12/2023
SAID-0011449,10/12/2023
SAID-0011450,10/30/2023
SAID-0011451,10/30/2023
SAID-0011452,10/10/2023
SAID-0011453,10/17/2023
SAID-0011454,10/17/2023
SAID-0011456,10/2/2023
SAID-0011458,10/17/2023
SAID-0011459,10/27/2023
SAID-0011460,10/17/2023
SAID-0011462,10/17/2023
SAID-0011463,11/1/2023
SAID-0011464,10/12/2023
SAID-0011465,10/17/2023
SAID-0011466,10/13/2023
SAID-0011468,10/20/2023
SAID-0011471,10/13/2023
SAID-0011471,4/23/2024
SAID-0011471,4/23/2024
SAID-0011472,11/10/2023
SAID-0011473,10/13/2023
SAID-0011474,10/18/2023
SAID-0011476,5/20/2024
SAID-0011479,9/6/2023
SAID-0011479,2/19/2024
SAID-0011480,9/6/2023
SAID-0011480,2/2/2024
SAID-0011481,10/17/2023
SAID-0011483,9/3/2024
SAID-0011487,3/5/2025
SAID-0011487,3/11/2025
SAID-0011488,9/23/2024
SAID-0011493,6/25/2024
SAID-0011496,7/8/2024
SAID-0011497,10/19/2023
SAID-0011497,11/7/2024
SAID-0011498,10/19/2023
SAID-0011498,10/15/2024
SAID-0011499,10/27/2023
SAID-0011500,10/31/2023
SAID-0011501,10/30/2023
SAID-0011502,10/27/2023
SAID-0011503,10/25/2023
SAID-0011504,11/8/2023
SAID-0011505,10/24/2023
SAID-0011506,10/27/2023
SAID-0011507,10/26/2023
SAID-0011508,10/26/2023
SAID-0011510,11/20/2023
SAID-0011511,11/20/2023
SAID-0011512,10/26/2023
SAID-0011514,11/1/2023
SAID-0011515,10/31/2023
SAID-0011517,10/31/2023
SAID-0011518,2/19/2024
SAID-0011519,2/19/2024
SAID-0011520,10/2/2023
SAID-0011523,11/15/2023
SAID-0011525,10/25/2023
SAID-0011526,5/17/2024
SAID-0011527,11/10/2023
SAID-0011528,11/1/2023
SAID-0011530,12/6/2023
SAID-0011531,11/2/2023
SAID-0011532,11/2/2023
SAID-0011533,11/6/2023
SAID-0011535,11/6/2023
SAID-0011536,10/27/2023
SAID-0011536,10/27/2023
SAID-0011538,9/22/2023
SAID-0011539,9/22/2023
SAID-0011540,9/22/2023
SAID-0011541,9/22/2023
SAID-0011542,11/6/2023
SAID-0011543,11/7/2023
SAID-0011544,11/7/2023
SAID-0011546,11/8/2023
SAID-0011547,11/8/2023
SAID-0011548,11/17/2023
SAID-0011549,11/8/2023
SAID-0011550,11/6/2023
SAID-0011551,11/15/2023
SAID-0011552,11/9/2023
SAID-0011553,11/16/2023
SAID-0011554,11/15/2023
SAID-0011555,11/10/2023
SAID-0011556,11/15/2023
SAID-0011557,11/8/2023
SAID-0011561,3/14/2025
SAID-0011564,11/13/2023
SAID-0011564,7/9/2024
SAID-0011565,11/9/2023
SAID-0011566,12/22/2023
SAID-0011569,2/27/2024
SAID-0011573,11/8/2023
SAID-0011575,4/17/2024
SAID-0011576,5/16/2024
SAID-0011576,5/21/2024
SAID-0011577,11/17/2023
SAID-0011578,11/17/2023
SAID-0011579,11/10/2023
SAID-0011584,3/4/2024
SAID-0011585,11/17/2023
SAID-0011587,11/14/2023
SAID-0011588,11/16/2023
SAID-0011589,11/16/2023
SAID-0011590,11/16/2023
SAID-0011591,11/14/2023
SAID-0011592,11/14/2023
SAID-0011593,11/29/2023
SAID-0011595,11/21/2023
SAID-0011597,11/21/2023
SAID-0011598,11/21/2023
SAID-0011599,11/21/2023
SAID-0011600,11/22/2023
SAID-0011601,11/22/2023
SAID-0011602,11/21/2023
SAID-0011603,1/4/2024
SAID-0011603,3/22/2024
SAID-0011604,11/29/2023
SAID-0011605,12/8/2023
SAID-0011606,12/8/2023
SAID-0011607,11/28/2023
SAID-0011608,11/29/2023
SAID-0011609,11/29/2023
SAID-0011610,11/29/2023
SAID-0011611,11/30/2023
SAID-0011612,4/29/2024
SAID-0011613,12/4/2023
SAID-0011614,11/30/2023
SAID-0011615,1/24/2024
SAID-0011615,1/24/2024
SAID-0011616,11/30/2023
SAID-0011617,12/1/2023
SAID-0011618,1/24/2024
SAID-0011618,1/24/2024
SAID-0011619,12/1/2023
SAID-0011620,12/1/2023
SAID-0011621,12/1/2023
SAID-0011622,11/30/2023
SAID-0011623,1/24/2024
SAID-0011624,12/1/2023
SAID-0011625,12/1/2023
SAID-0011626,1/24/2024
SAID-0011627,11/30/2023
SAID-0011628,11/30/2023
SAID-0011629,11/30/2023
SAID-0011630,12/1/2023
SAID-0011631,12/4/2023
SAID-0011632,12/1/2023
SAID-0011633,1/9/2024
SAID-0011634,12/5/2023
SAID-0011635,12/5/2023
SAID-0011636,12/13/2023
SAID-0011638,1/3/2024
SAID-0011639,1/9/2024
SAID-0011640,1/10/2024
SAID-0011644,12/11/2023
SAID-0011647,12/6/2023
SAID-0011648,1/8/2024
SAID-0011649,1/8/2024
SAID-0011650,12/22/2023
SAID-0011652,12/19/2023
SAID-0011653,12/19/2023
SAID-0011654,12/19/2023
SAID-0011655,12/7/2023
SAID-0011656,12/19/2023
SAID-0011657,12/7/2023
SAID-0011658,12/7/2023
SAID-0011660,11/15/2023
SAID-0011661,12/13/2023
SAID-0011662,2/19/2024
SAID-0011663,12/11/2023
SAID-0011667,2/24/2025
SAID-0011670,1/8/2024
SAID-0011671,1/8/2024
SAID-0011672,1/2/2024
SAID-0011673,12/15/2023
SAID-0011676,12/18/2023
SAID-0011676,5/3/2024
SAID-0011677,1/4/2024
SAID-0011678,12/18/2023
SAID-0011678,6/28/2024
SAID-0011679,12/19/2023
SAID-0011680,12/15/2023
SAID-0011681,11/7/2023
SAID-0011682,11/21/2023
SAID-0011686,1/23/2024
SAID-0011686,8/22/2023
SAID-0011701,1/5/2024
SAID-0011702,1/5/2024
SAID-0011703,12/21/2023
SAID-0011705,1/18/2024
SAID-0011706,12/21/2023
SAID-0011707,1/12/2024
SAID-0011708,1/12/2024
SAID-0011709,1/2/2024
SAID-0011710,1/10/2024
SAID-0011711,1/10/2024
SAID-0011714,3/28/2024
SAID-0011715,1/25/2024
SAID-0011716,1/8/2024
SAID-0011717,1/8/2024
SAID-0011718,1/8/2024
SAID-0011719,1/8/2024
SAID-0011720,1/30/2024
SAID-0011721,1/30/2024
SAID-0011722,1/10/2024
SAID-0011723,1/26/2024
SAID-0011726,1/8/2024
SAID-0011731,1/29/2024
SAID-0011731,4/26/2024
SAID-0011732,2/5/2024
SAID-0011733,8/22/2023
SAID-0011733,1/23/2024
SAID-0011734,1/22/2024
SAID-0011735,1/22/2024
SAID-0011736,1/22/2024
SAID-0011737,1/23/2024
SAID-0011738,1/17/2024
SAID-0011740,3/4/2024
SAID-0011741,1/15/2024
SAID-0011742,1/15/2024
SAID-0011743,1/15/2024
SAID-0011744,1/15/2024
SAID-0011745,1/26/2024
SAID-0011746,1/10/2024
SAID-0011747,1/10/2024
SAID-0011748,3/4/2024
SAID-0011749,3/4/2024
SAID-0011750,1/24/2024
SAID-0011751,1/13/2024
SAID-0011752,1/13/2024
SAID-0011753,1/5/2024
SAID-0011753,1/5/2024
SAID-0011754,2/19/2024
SAID-0011755,1/24/2024
SAID-0011756,1/24/2024
SAID-0011757,1/24/2024
SAID-0011758,1/24/2024
SAID-0011759,1/5/2024
SAID-0011760,1/5/2024
SAID-0011764,1/29/2024
SAID-0011765,2/21/2024
SAID-0011766,1/30/2024
SAID-0011766,10/3/2024
SAID-0011767,11/7/2023
SAID-0011768,1/25/2024
SAID-0011769,1/25/2024
SAID-0011770,1/26/2024
SAID-0011771,1/26/2024
SAID-0011772,6/19/2024
SAID-0011773,2/22/2024
SAID-0011774,9/23/2024
SAID-0011775,9/23/2024
SAID-0011776,9/23/2024
SAID-0011777,9/23/2024
SAID-0011778,9/23/2024
SAID-0011779,9/23/2024
SAID-0011780,9/23/2024
SAID-0011781,9/23/2024
SAID-0011782,9/23/2024
SAID-0011783,9/23/2024
SAID-0011784,1/30/2024
SAID-0011785,1/30/2024
SAID-0011789,2/12/2024
SAID-0011790,2/9/2024
SAID-0011791,2/21/2024
SAID-0011792,2/21/2024
SAID-0011793,2/7/2024
SAID-0011797,2/2/2024
SAID-0011798,1/31/2024
SAID-0011799,1/31/2024
SAID-0011800,2/19/2024
SAID-0011801,2/19/2024
SAID-0011802,1/16/2024
SAID-0011803,1/16/2024
SAID-0011804,1/16/2024
SAID-0011805,1/16/2024
SAID-0011806,9/16/2024
SAID-0011807,1/16/2024
SAID-0011808,2/16/2024
SAID-0011809,2/16/2024
SAID-0011811,1/16/2024
SAID-0011812,1/16/2024
SAID-0011813,2/16/2024
SAID-0011814,2/19/2024
SAID-0011815,3/22/2024
SAID-0011816,4/12/2024
SAID-0011825,2/23/2024
SAID-0011826,2/22/2024
SAID-0011827,4/1/2024
SAID-0011828,3/20/2024
SAID-0011834,12/11/2024
SAID-0011838,9/5/2024
SAID-0011839,2/22/2024
SAID-0011840,2/22/2024
SAID-0011841,2/22/2024
SAID-0011842,2/23/2024
SAID-0011843,4/18/2024
SAID-0011844,3/6/2024
SAID-0011845,3/7/2024
SAID-0011846,3/6/2024
SAID-0011847,3/19/2024
SAID-0011848,3/19/2024
SAID-0011851,2/28/2024
SAID-0011852,2/28/2024
SAID-0011857,3/4/2024
SAID-0011858,2/29/2024
SAID-0011859,2/29/2024
SAID-0011860,3/1/2024
SAID-0011861,3/1/2024
SAID-0011862,3/28/2024
SAID-0011863,4/29/2024
SAID-0011864,3/18/2024
SAID-0011865,4/29/2024
SAID-0011867,3/14/2024
SAID-0011868,3/14/2024
SAID-0011869,3/14/2024
SAID-0011870,3/14/2024
SAID-0011871,3/6/2024
SAID-0011872,3/6/2024
SAID-0011873,3/6/2024
SAID-0011874,1/19/2024
SAID-0011874,3/1/2024
SAID-0011875,1/19/2024
SAID-0011875,3/7/2024
SAID-0011877,3/6/2024
SAID-0011878,3/26/2024
SAID-0011879,3/7/2024
SAID-0011880,3/11/2024
SAID-0011881,3/11/2024
SAID-0011882,3/6/2024
SAID-0011883,3/6/2024
SAID-0011884,3/7/2024
SAID-0011885,3/7/2024
SAID-0011887,4/2/2024
SAID-0011888,3/14/2024
SAID-0011889,4/29/2024
SAID-0011890,4/29/2024
SAID-0011891,3/7/2024
SAID-0011892,3/7/2024
SAID-0011893,3/14/2024
SAID-0011894,3/14/2024
SAID-0011895,3/13/2024
SAID-0011896,3/28/2024
SAID-0011897,3/8/2024
SAID-0011898,3/5/2024
SAID-0011899,3/8/2024
SAID-0011900,3/8/2024
SAID-0011901,3/8/2024
SAID-0011902,3/12/2024
SAID-0011903,3/13/2024
SAID-0011905,3/14/2023
SAID-0011906,3/14/2023
SAID-0011907,2/28/2024
SAID-0011907,2/28/2024
SAID-0011907,1/19/2024
SAID-0011908,2/28/2024
SAID-0011908,1/19/2024
SAID-0011909,2/28/2024
SAID-0011909,1/19/2024
SAID-0011910,4/2/2024
SAID-0011911,3/15/2024
SAID-0011912,3/15/2024
SAID-0011913,3/15/2024
SAID-0011914,3/15/2024
SAID-0011914,3/15/2024
SAID-0011915,4/1/2024
SAID-0011916,4/3/2024
SAID-0011917,3/19/2024
SAID-0011918,3/25/2024
SAID-0011919,4/3/2024
SAID-0011920,4/3/2024
SAID-0011920,1/31/2025
SAID-0011922,3/15/2024
SAID-0011923,6/19/2024
SAID-0011924,6/19/2024
SAID-0011925,6/19/2024
SAID-0011926,6/19/2024
SAID-0011927,3/21/2024
SAID-0011929,6/14/2024
SAID-0011929,6/14/2024
SAID-0011930,3/29/2024
SAID-0011931,3/25/2024
SAID-0011932,3/25/2024
SAID-0011933,3/29/2024
SAID-0011934,3/22/2024
SAID-0011939,3/21/2024
SAID-0011940,3/29/2024
SAID-0011941,3/26/2024
SAID-0011942,3/26/2024
SAID-0011943,3/27/2024
SAID-0011944,4/2/2024
SAID-0011945,3/28/2024
SAID-0011946,3/28/2024
SAID-0011947,4/2/2024
SAID-0011948,3/28/2024
SAID-0011950,3/29/2024
SAID-0011951,11/18/2024
SAID-0011956,6/19/2024
SAID-0011957,9/23/2024
SAID-0011959,4/2/2024
SAID-0011960,4/5/2024
SAID-0011961,4/5/2024
SAID-0011962,4/5/2024
SAID-0011963,4/5/2024
SAID-0011968,4/2/2024
SAID-0011969,4/5/2024
SAID-0011970,4/10/2024
SAID-0011971,4/3/2024
SAID-0011972,4/9/2024
SAID-0011973,4/9/2024
SAID-0011974,4/5/2024
SAID-0011975,4/5/2024
SAID-0011976,6/10/2024
SAID-0011977,6/10/2024
SAID-0011978,4/10/2024
SAID-0011979,4/5/2024
SAID-0011980,6/10/2024
SAID-0011981,4/12/2024
SAID-0011982,4/12/2024
SAID-0011983,4/12/2024
SAID-0011984,4/22/2024
SAID-0011986,4/15/2024
SAID-0011987,4/15/2024
SAID-0011988,4/15/2024
SAID-0011989,4/15/2024
SAID-0011990,4/15/2024
SAID-0011991,4/16/2024
SAID-0011992,4/29/2024
SAID-0011992,4/29/2024
SAID-0011993,4/29/2024
SAID-0011993,4/29/2024
SAID-0011996,7/1/2024
SAID-0011996,7/1/2024
SAID-0011997,8/26/2024
SAID-0011998,7/1/2024
SAID-0012001,7/11/2024
SAID-0012002,7/2/2024
SAID-0012003,6/18/2024
SAID-0012004,4/25/2024
SAID-0012004,9/12/2024
SAID-0012008,4/23/2024
SAID-0012009,4/23/2024
SAID-0012010,4/16/2024
SAID-0012010,1/20/2025
SAID-0012011,5/2/2024
SAID-0012012,5/2/2024
SAID-0012014,4/23/2024
SAID-0012015,4/19/2024
SAID-0012016,4/19/2024
SAID-0012017,4/23/2024
SAID-0012018,4/19/2024
SAID-0012019,4/18/2024
SAID-0012020,7/1/2024
SAID-0012021,7/1/2024
SAID-0012024,9/23/2024
SAID-0012025,9/23/2024
SAID-0012026,9/23/2024
SAID-0012027,9/23/2024
SAID-0012028,9/23/2024
SAID-0012029,9/23/2024
SAID-0012030,9/23/2024
SAID-0012031,6/6/2024
SAID-0012033,5/30/2024
SAID-0012034,4/29/2024
SAID-0012035,5/7/2024
SAID-0012036,4/26/2024
SAID-0012036,12/12/2024
SAID-0012040,4/30/2024
SAID-0012041,4/30/2024
SAID-0012042,5/1/2024
SAID-0012043,5/1/2024
SAID-0012043,9/12/2024
SAID-0012044,5/1/2024
SAID-0012044,9/12/2024
SAID-0012047,5/21/2024
SAID-0012048,5/21/2024
SAID-0012049,5/8/2024
SAID-0012050,5/8/2024
SAID-0012052,5/3/2024
SAID-0012053,5/2/2024
SAID-0012054,5/2/2024
SAID-0012056,4/26/2024
SAID-0012056,9/4/2024
SAID-0012057,4/26/2024
SAID-0012057,11/19/2024
SAID-0012057,2/28/2025
SAID-0012058,4/26/2024
SAID-0012059,4/26/2024
SAID-0012059,11/19/2024
SAID-0012059,2/28/2025
SAID-0012060,7/10/2024
SAID-0012061,7/10/2024
SAID-0012062,5/8/2024
SAID-0012063,5/15/2024
SAID-0012064,5/7/2024
SAID-0012067,4/30/2024
SAID-0012069,7/31/2024
SAID-0012070,6/24/2024
SAID-0012073,5/7/2024
SAID-0012074,5/7/2024
SAID-0012075,5/7/2024
SAID-0012076,4/26/2024
SAID-0012077,7/1/2024
SAID-0012078,5/15/2024
SAID-0012079,8/28/2024
SAID-0012080,8/28/2024
SAID-0012085,5/15/2024
SAID-0012086,5/15/2024
SAID-0012087,5/17/2024
SAID-0012088,5/16/2024
SAID-0012089,5/16/2024
SAID-0012090,5/24/2024
SAID-0012091,5/16/2024
SAID-0012092,5/15/2024
SAID-0012093,5/9/2024
SAID-0012096,5/9/2024
SAID-0012097,5/8/2024
SAID-0012098,5/15/2024
SAID-0012099,5/17/2024
SAID-0012100,7/10/2024
SAID-0012104,5/20/2024
SAID-0012113,10/23/2024
SAID-0012114,10/23/2024
SAID-0012115,5/28/2024
SAID-0012116,7/26/2024
SAID-0012117,5/22/2024
SAID-0012118,5/22/2024
SAID-0012119,5/22/2024
SAID-0012120,5/22/2024
SAID-0012124,7/30/2024
SAID-0012126,7/30/2024
SAID-0012127,11/12/2024
SAID-0012128,5/21/2024
SAID-0012129,5/22/2024
SAID-0012130,5/24/2024
SAID-0012136,6/4/2024
SAID-0012136,6/5/2024
SAID-0012136,6/5/2024
SAID-0012136,6/6/2024
SAID-0012137,5/28/2024
SAID-0012141,7/11/2024
SAID-0012143,8/25/2024
SAID-0012144,8/25/2024
SAID-0012149,8/25/2024
SAID-0012150,8/25/2024
SAID-0012153,5/29/2024
SAID-0012157,8/28/2024
SAID-0012158,6/12/2024
SAID-0012159,8/28/2024
SAID-0012160,6/10/2024
SAID-0012162,6/6/2024
SAID-0012163,6/10/2024
SAID-0012180,11/7/2024
SAID-0012182,5/30/2024
SAID-0012185,6/7/2024
SAID-0012186,6/21/2024
SAID-0012187,6/12/2024
SAID-0012188,6/11/2024
SAID-0012189,6/11/2024
SAID-0012190,7/2/2024
SAID-0012191,7/2/2024
SAID-0012192,7/2/2024
SAID-0012194,6/12/2024
SAID-0012195,6/25/2024
SAID-0012196,6/25/2024
SAID-0012196,6/25/2024
SAID-0012197,6/20/2024
SAID-0012198,6/20/2024
SAID-0012200,6/17/2024
SAID-0012201,6/13/2024
SAID-0012217,6/18/2024
SAID-0012218,7/11/2024
SAID-0012219,6/18/2024
SAID-0012226,6/19/2024
SAID-0012233,9/27/2024
SAID-0012235,8/14/2024
SAID-0012239,6/25/2024
SAID-0012240,6/27/2024
SAID-0012241,6/27/2024
SAID-0012242,6/28/2024
SAID-0012243,6/24/2024
SAID-0012244,6/24/2024
SAID-0012245,7/10/2024
SAID-0012251,6/21/2024
SAID-0012251,11/19/2024
SAID-0012252,7/10/2024
SAID-0012253,7/10/2024
SAID-0012254,7/10/2024
SAID-0012255,7/10/2024
SAID-0012256,6/27/2024
SAID-0012257,7/16/2024
SAID-0012258,6/24/2024
SAID-0012259,6/24/2024
SAID-0012266,11/21/2024
SAID-0012268,6/24/2024
SAID-0012268,6/24/2024
SAID-0012269,6/24/2024
SAID-0012271,6/24/2024
SAID-0012272,6/24/2024
SAID-0012273,6/24/2024
SAID-0012273,6/24/2024
SAID-0012279,7/8/2024
SAID-0012280,7/3/2024
SAID-0012282,7/1/2024
SAID-0012283,8/19/2024
SAID-0012284,7/8/2024
SAID-0012285,7/8/2024
SAID-0012286,7/10/2024
SAID-0012287,7/11/2024
SAID-0012288,7/2/2024
SAID-0012289,7/2/2024
SAID-0012290,7/3/2024
SAID-0012291,7/2/2024
SAID-0012291,7/2/2024
SAID-0012292,7/5/2024
SAID-0012293,7/3/2024
SAID-0012294,7/3/2024
SAID-0012294,7/3/2024
SAID-0012295,7/3/2024
SAID-0012296,7/15/2024
SAID-0012297,7/12/2024
SAID-0012298,7/3/2024
SAID-0012299,7/3/2024
SAID-0012300,7/8/2024
SAID-0012301,7/12/2024
SAID-0012302,7/12/2024
SAID-0012303,7/12/2024
SAID-0012304,7/10/2024
SAID-0012305,7/10/2024
SAID-0012306,8/26/2024
SAID-0012307,7/11/2024
SAID-0012308,7/31/2024
SAID-0012312,7/16/2024
SAID-0012313,7/16/2024
SAID-0012314,7/16/2024
SAID-0012315,7/18/2024
SAID-0012316,7/18/2024
SAID-0012317,7/19/2024
SAID-0012318,7/17/2024
SAID-0012319,7/17/2024
SAID-0012329,7/19/2024
SAID-0012330,7/19/2024
SAID-0012337,7/19/2024
SAID-0012338,7/19/2024
SAID-0012339,8/26/2024
SAID-0012340,8/26/2024
SAID-0012343,7/23/2024
SAID-0012343,7/23/2024
SAID-0012345,7/23/2024
SAID-0012347,7/30/2024
SAID-0012348,7/30/2024
SAID-0012349,7/29/2024
SAID-0012351,7/30/2024
SAID-0012357,7/29/2024
SAID-0012358,7/24/2024
SAID-0012359,7/31/2024
SAID-0012360,7/26/2024
SAID-0012361,7/29/2024
SAID-0012362,7/25/2024
SAID-0012365,7/25/2024
SAID-0012366,7/24/2024
SAID-0012367,8/2/2024
SAID-0012368,8/2/2024
SAID-0012371,10/25/2024
SAID-0012372,7/30/2024
SAID-0012373,7/30/2024
SAID-0012374,9/9/2024
SAID-0012375,7/31/2024
SAID-0012375,2/10/2025
SAID-0012376,8/2/2024
SAID-0012377,8/2/2024
SAID-0012378,8/1/2024
SAID-0012379,8/1/2024
SAID-0012380,8/9/2024
SAID-0012381,8/2/2024
SAID-0012382,1/13/2025
SAID-0012383,7/31/2024
SAID-0012384,8/1/2024
SAID-0012386,8/8/2024
SAID-0012387,8/16/2024
SAID-0012388,9/23/2024
SAID-0012389,8/16/2024
SAID-0012390,9/23/2024
SAID-0012391,8/16/2024
SAID-0012394,8/1/2024
SAID-0012395,8/1/2024
SAID-0012396,8/1/2024
SAID-0012397,8/5/2024
SAID-0012398,9/6/2024
SAID-0012398,9/23/2024
SAID-0012401,8/8/2024
SAID-0012403,8/9/2024
SAID-0012410,8/8/2024
SAID-0012411,8/8/2024
SAID-0012415,8/19/2024
SAID-0012416,8/5/2024
SAID-0012417,8/6/2024
SAID-0012418,8/6/2024
SAID-0012418,8/6/2024
SAID-0012419,8/6/2024
SAID-0012423,8/5/2024
SAID-0012424,8/5/2024
SAID-0012430,8/8/2024
SAID-0012431,8/8/2024
SAID-0012435,8/12/2024
SAID-0012436,8/12/2024
SAID-0012438,8/30/2024
SAID-0012439,8/30/2024
SAID-0012441,7/26/2024
SAID-0012442,8/9/2024
SAID-0012443,8/9/2024
SAID-0012444,8/9/2024
SAID-0012445,8/12/2024
SAID-0012446,8/12/2024
SAID-0012447,8/15/2024
SAID-0012448,8/15/2024
SAID-0012451,8/9/2024
SAID-0012452,8/9/2024
SAID-0012453,8/9/2024
SAID-0012454,8/9/2024
SAID-0012455,8/9/2024
SAID-0012464,8/14/2024
SAID-0012465,8/14/2024
SAID-0012466,8/14/2024
SAID-0012467,8/15/2024
SAID-0012469,8/21/2024
SAID-0012470,8/21/2024
SAID-0012471,8/21/2024
SAID-0012475,8/12/2024
SAID-0012476,8/12/2024
SAID-0012477,8/12/2024
SAID-0012478,8/12/2024
SAID-0012480,8/9/2024
SAID-0012481,8/9/2024
SAID-0012488,8/19/2024
SAID-0012489,8/19/2024
SAID-0012490,9/23/2024
SAID-0012491,8/19/2024
SAID-0012492,8/19/2024
SAID-0012493,8/20/2024
SAID-0012494,8/20/2024
SAID-0012495,8/20/2024
SAID-0012496,8/16/2024
SAID-0012497,8/16/2024
SAID-0012502,8/20/2024
SAID-0012503,8/20/2024
SAID-0012504,8/20/2024
SAID-0012505,8/20/2024
SAID-0012507,8/20/2024
SAID-0012508,2/5/2025
SAID-0012510,1/6/2025
SAID-0012512,8/22/2024
SAID-0012513,8/21/2024
SAID-0012514,8/21/2024
SAID-0012515,8/26/2024
SAID-0012516,8/26/2024
SAID-0012526,8/23/2024
SAID-0012527,8/23/2024
SAID-0012528,8/26/2024
SAID-0012530,8/26/2024
SAID-0012532,8/22/2024
SAID-0012536,9/5/2024
SAID-0012539,8/27/2024
SAID-0012540,8/27/2024
SAID-0012542,8/28/2024
SAID-0012551,8/29/2024
SAID-0012552,8/29/2024
SAID-0012555,8/26/2024
SAID-0012556,8/26/2024
SAID-0012557,8/26/2024
SAID-0012558,8/26/2024
SAID-0012560,9/9/2024
SAID-0012561,9/9/2024
SAID-0012565,9/9/2024
SAID-0012568,9/5/2024
SAID-0012569,9/5/2024
SAID-0012570,9/10/2024
SAID-0012571,9/10/2024
SAID-0012572,9/5/2024
SAID-0012573,9/5/2024
SAID-0012574,9/5/2024
SAID-0012575,9/13/2024
SAID-0012576,9/3/2024
SAID-0012578,9/4/2024
SAID-0012579,9/4/2024
SAID-0012582,10/2/2024
SAID-0012583,9/6/2024
SAID-0012584,10/1/2024
SAID-0012585,9/6/2024
SAID-0012587,9/9/2024
SAID-0012588,9/10/2024
SAID-0012588,9/10/2024
SAID-0012589,9/10/2024
SAID-0012591,9/11/2024
SAID-0012592,9/11/2024
SAID-0012594,9/16/2024
SAID-0012595,9/12/2024
SAID-0012603,10/28/2024
SAID-0012611,11/12/2024
SAID-0012612,11/7/2024
SAID-0012613,11/12/2024
SAID-0012614,12/4/2024
SAID-0012617,9/17/2024
SAID-0012625,1/3/2025
SAID-0012629,11/7/2024
SAID-0012630,11/7/2024
SAID-0012631,11/7/2024
SAID-0012632,11/7/2024
SAID-0012633,11/7/2024
SAID-0012634,11/7/2024
SAID-0012635,11/7/2024
SAID-0012655,9/20/2024
SAID-0012662,9/24/2024
SAID-0012670,10/21/2024
SAID-0012671,10/21/2024
SAID-0012673,9/23/2024
SAID-0012674,9/23/2024
SAID-0012675,9/24/2024
SAID-0012699,1/9/2025
SAID-0012707,9/26/2024
SAID-0012708,9/25/2024
SAID-0012709,9/25/2024
SAID-0012710,9/25/2024
SAID-0012710,1/2/2025
SAID-0012722,9/26/2024
SAID-0012723,9/26/2024
SAID-0012726,11/7/2024
SAID-0012727,9/25/2024
SAID-0012742,9/27/2024
SAID-0012743,9/27/2024
SAID-0012759,10/1/2024
SAID-0012760,10/1/2024
SAID-0012761,10/3/2024
SAID-0012762,10/3/2024
SAID-0012763,10/3/2024
SAID-0012764,10/3/2024
SAID-0012765,10/2/2024
SAID-0012766,10/15/2024
SAID-0012772,10/10/2024
SAID-0012774,10/8/2024
SAID-0012776,10/4/2024
SAID-0012786,10/8/2024
SAID-0012792,10/8/2024
SAID-0012793,10/16/2024
SAID-0012794,10/16/2024
SAID-0012795,10/9/2024
SAID-0012796,12/4/2024
SAID-0012797,10/15/2024
SAID-0012828,10/14/2024
SAID-0012829,10/14/2024
SAID-0012830,10/10/2024
SAID-0012844,10/16/2024
SAID-0012845,10/15/2024
SAID-0012846,10/15/2024
SAID-0012847,10/15/2024
SAID-0012848,10/16/2024
SAID-0012849,12/9/2024
SAID-0012850,11/11/2024
SAID-0012851,11/11/2024
SAID-0012852,11/11/2024
SAID-0012853,11/8/2024
SAID-0012854,11/8/2024
SAID-0012855,10/21/2024
SAID-0012856,10/21/2024
SAID-0012896,10/16/2024
SAID-0012897,10/16/2024
SAID-0012898,10/16/2024
SAID-0012899,10/15/2024
SAID-0012900,10/15/2024
SAID-0012908,10/18/2024
SAID-0012909,10/18/2024
SAID-0012910,10/18/2024
SAID-0012911,10/18/2024
SAID-0012912,10/22/2024
SAID-0012929,10/18/2024
SAID-0012939,10/23/2024
SAID-0012940,10/23/2024
SAID-0012940,10/23/2024
SAID-0012940,10/23/2024
SAID-0012941,10/23/2024
SAID-0012941,10/23/2024
SAID-0012941,10/23/2024
SAID-0012942,10/23/2024
SAID-0012942,10/23/2024
SAID-0012942,10/23/2024
SAID-0012943,10/25/2024
SAID-0012944,10/25/2024
SAID-0012945,2/18/2025
SAID-0012946,2/18/2025
SAID-0012947,2/18/2025
SAID-0012948,1/9/2025
SAID-0012949,1/9/2025
SAID-0012950,2/18/2025
SAID-0012951,2/18/2025
SAID-0012952,2/18/2025
SAID-0012953,1/9/2025
SAID-0012954,10/22/2024
SAID-0012955,10/28/2024
SAID-0012957,11/8/2024
SAID-0012958,11/8/2024
SAID-0012959,11/8/2024
SAID-0012960,11/8/2024
SAID-0012961,11/8/2024
SAID-0012962,11/8/2024
SAID-0012963,11/8/2024
SAID-0012964,10/29/2024
SAID-0012965,10/28/2024
SAID-0012966,10/30/2024
SAID-0012967,10/30/2024
SAID-0012968,10/30/2024
SAID-0012968,10/30/2024
SAID-0012969,10/28/2024
SAID-0012971,11/6/2024
SAID-0012972,10/31/2024
SAID-0012973,10/30/2024
SAID-0012974,11/5/2024
SAID-0012975,11/1/2024
SAID-0012977,11/5/2024
SAID-0012978,11/5/2024
SAID-0012979,11/5/2024
SAID-0012980,12/9/2024
SAID-0012982,11/7/2024
SAID-0012983,11/7/2024
SAID-0012984,11/7/2024
SAID-0012984,11/7/2024
SAID-0012985,11/8/2024
SAID-0012986,11/19/2024
SAID-0012989,11/27/2024
SAID-0012997,11/11/2024
SAID-0012998,11/11/2024
SAID-0012999,11/12/2024
SAID-0013001,11/14/2024
SAID-0013002,11/14/2024
SAID-0013003,12/11/2024
SAID-0013003,2/6/2025
SAID-0013004,11/14/2024
SAID-0013005,11/14/2024
SAID-0013006,11/14/2024
SAID-0013007,11/14/2024
SAID-0013008,11/15/2024
SAID-0013009,11/15/2024
SAID-0013010,11/15/2024
SAID-0013011,11/15/2024
SAID-0013012,11/15/2024
SAID-0013013,11/15/2024
SAID-0013014,11/15/2024
SAID-0013015,11/15/2024
SAID-0013016,11/15/2024
SAID-0013017,11/15/2024
SAID-0013019,11/18/2024
SAID-0013020,11/25/2024
SAID-0013021,11/18/2024
SAID-0013023,11/22/2024
SAID-0013028,11/22/2024
SAID-0013038,12/4/2024
SAID-0013039,11/27/2024
SAID-0013043,2/18/2025
SAID-0013045,12/24/2024
SAID-0013046,11/29/2024
SAID-0013047,11/29/2024
SAID-0013049,12/3/2024
SAID-0013051,12/5/2024
SAID-0013052,12/5/2024
SAID-0013053,12/3/2024
SAID-0013054,12/3/2024
SAID-0013058,12/23/2024
SAID-0013059,12/8/2024
SAID-0013061,12/12/2024
SAID-0013062,12/5/2024
SAID-0013063,12/5/2024
SAID-0013064,12/9/2024
SAID-0013065,12/9/2024
SAID-0013066,12/9/2024
SAID-0013067,12/9/2024
SAID-0013068,12/9/2024
SAID-0013069,12/12/2024
SAID-0013103,1/22/2025
SAID-0013104,12/10/2024
SAID-0013105,12/27/2024
SAID-0013106,12/27/2024
SAID-0013107,12/11/2024
SAID-0013108,12/12/2024
SAID-0013109,12/12/2024
SAID-0013110,12/10/2024
SAID-0013111,12/10/2024
SAID-0013112,12/10/2024
SAID-0013113,12/10/2024
SAID-0013114,12/16/2024
SAID-0013115,12/6/2024
SAID-0013116,12/24/2024
SAID-0013116,11/21/2024
SAID-0013116,12/6/2024
SAID-0013117,12/6/2024
SAID-0013118,12/12/2024
SAID-0013119,12/12/2024
SAID-0013126,1/16/2025
SAID-0013128,2/18/2025
SAID-0013129,2/18/2025
SAID-0013130,2/18/2025
SAID-0013131,1/8/2025
SAID-0013132,1/8/2025
SAID-0013133,12/23/2024
SAID-0013134,12/23/2024
SAID-0013135,12/8/2024
SAID-0013136,12/17/2024
SAID-0013137,12/17/2024
SAID-0013138,12/17/2024
SAID-0013139,12/18/2024
SAID-0013141,12/27/2024
SAID-0013142,12/27/2024
SAID-0013143,12/20/2024
SAID-0013144,12/20/2024
SAID-0013145,1/23/2025
SAID-0013146,12/19/2024
SAID-0013147,12/20/2024
SAID-0013148,12/20/2024
SAID-0013154,12/31/2024
SAID-0013155,12/31/2024
SAID-0013156,12/26/2024
SAID-0013157,12/26/2024
SAID-0013159,2/18/2025
SAID-0013160,2/18/2025
SAID-0013161,12/27/2024
SAID-0013162,1/13/2025
SAID-0013163,1/13/2025
SAID-0013164,12/31/2024
SAID-0013165,1/2/2025
SAID-0013166,1/6/2025
SAID-0013167,1/6/2025
SAID-0013168,1/6/2025
SAID-0013169,1/8/2025
SAID-0013170,1/8/2025
SAID-0013172,1/23/2025
SAID-0013175,2/18/2025
SAID-0013175,3/5/2025
SAID-0013180,1/16/2025
SAID-0013181,1/17/2025
SAID-0013184,1/16/2025
SAID-0013185,1/16/2025
SAID-0013186,1/15/2025
SAID-0013187,1/15/2025
SAID-0013190,1/16/2025
SAID-0013192,1/20/2025
SAID-0013193,1/16/2025
SAID-0013195,1/22/2025
SAID-0013196,1/22/2025
SAID-0013206,1/21/2025
SAID-0013207,1/21/2025
SAID-0013208,1/21/2025
SAID-0013211,1/24/2025
SAID-0013212,1/24/2025
SAID-0013216,1/22/2025
SAID-0013228,1/30/2025
SAID-0013230,3/11/2025
SAID-0013237,1/30/2025
SAID-0013238,1/30/2025
SAID-0013239,1/29/2025
SAID-0013239,3/13/2025
SAID-0013240,1/29/2025
SAID-0013241,1/29/2025
SAID-0013242,3/5/2025
SAID-0013243,1/29/2025
SAID-0013243,3/13/2025
SAID-0013244,1/29/2025
SAID-0013244,2/26/2025
SAID-0013245,2/7/2025
SAID-0013247,1/31/2025
SAID-0013248,1/31/2025
SAID-0013249,2/4/2025
SAID-0013250,2/4/2025
SAID-0013251,2/4/2025
SAID-0013252,2/4/2025
SAID-0013253,2/10/2025
SAID-0013254,2/7/2025
SAID-0013256,2/6/2025
SAID-0013257,2/6/2025
SAID-0013258,2/6/2025
SAID-0013259,2/6/2025
SAID-0013260,2/6/2025
SAID-0013261,2/7/2025
SAID-0013262,2/7/2025
SAID-0013263,2/10/2025
SAID-0013265,2/7/2025
SAID-0013266,2/12/2025
SAID-0013267,2/12/2025
SAID-0013268,2/11/2025
SAID-0013269,2/11/2025
SAID-0013270,2/11/2025
SAID-0013271,2/13/2025
SAID-0013272,2/12/2025
SAID-0013273,2/12/2025
SAID-0013279,2/20/2025
SAID-0013280,2/20/2025
SAID-0013281,2/27/2025
SAID-0013282,2/27/2025
SAID-0013283,2/19/2025
SAID-0013284,2/19/2025
SAID-0013285,2/18/2025
SAID-0013286,2/19/2025
SAID-0013288,2/20/2025
SAID-0013289,2/25/2025
SAID-0013290,2/25/2025
SAID-0013291,2/25/2025
SAID-0013292,2/25/2025
SAID-0013293,2/25/2025
SAID-0013296,2/27/2025
SAID-0013297,2/27/2025
SAID-0013298,3/7/2025
SAID-0013300,3/3/2025
SAID-0013304,3/4/2025
SAID-0013305,3/4/2025
SAID-0013306,3/5/2025
SAID-0013306,3/11/2025
SAID-0013307,3/5/2025
SAID-0013308,3/5/2025
SAID-0013315,3/10/2025
SAID-0013318,3/10/2025
SAID-0013319,3/10/2025
SAID-0013320,3/10/2025
SAID-0013321,3/10/2025
SAID-0013322,3/10/2025
SAID-0013323,3/7/2025
SAID-0013324,3/7/2025
SAID-0013325,3/25/2025
SAID-0013326,3/25/2025
SAID-0013329,3/5/2025
SAID-0013332,3/12/2025
SAID-0013333,3/12/2025
SAID-0013335,3/13/2025
SAID-0013336,3/13/2025
SAID-0013337,3/13/2025
SAID-0013338,3/13/2025
SAID-0013340,3/14/2025
SAID-0013341,3/14/2025
SAID-0013348,3/18/2025
SAID-0013349,3/18/2025
SAID-0013352,3/21/2025
SAID-0013353,3/21/2025
SAID-0013354,3/20/2025
SAID-0013355,3/20/2025
SAID-0013357,3/21/2025
SAID-0013358,3/21/2025
SAID-0013359,3/21/2025
SAID-0013360,3/21/2025
SAID-0013361,3/21/2025
SAID-0013362,3/21/2025
